alphabet_size,depth,complexity,rule_set,target,enum_status,enum_time,enum_rule_set,enum_grammars_checked,enum_pruned_status,enum_pruned_time,enum_pruned_rule_set,enum_pruned_grammars_checked
3,6,4,[0 -> [2 1 1]; 1 -> [3 3 1]; 2 -> [2]; 3 -> [1];],[2 1 1 3 3 1 1 1 3 3 1 3 3 1 3 3 1 1 1 3 3 1 1 1 3 3 1 1 1 3 3 1 3 3 1 3 3 1 1 1 3 3 1 3 3 1 3 3 1 1 1 3 3 1 3 3 1 3 3 1 1 1 3 3 1 1 1 3 3 1 1 1 3 3 1 3 3 1 3 3 1 1 1 3 3 1 1 1 3 3 1 1 1 3 3 1 3 3 1 3 3 1 1 1 3 3 1 1 1 3 3 1 1 1 3 3 1 3 3 1 3 3 1 1 1 3 3 1 3 3 1 3 3 1 1 1 3 3 1 3 3 1 3 3 1 1 1 3 3 1 1 1 3 3 1 1 1 3 3 1 3 3 1 3 3 1 1 1 3 3 1],SAT,0.835588,[0 -> [2 1 1]; 1 -> [3 3 1]; 2 -> [2]; 3 -> [1];],1148085,SAT,0.04,[0 -> [2 1 1]; 1 -> [3 3 1]; 2 -> [2]; 3 -> [1];],6496
3,6,4,[0 -> [3]; 1 -> [2 3 1]; 2 -> [1 3]; 3 -> [3 2];],[3 2 1 3 2 3 1 3 2 1 3 3 2 2 3 1 3 2 1 3 2 3 1 3 2 3 2 1 3 1 3 3 2 2 3 1 3 2 1 3 2 3 1 3 2 1 3 3 2 2 3 1 3 2 1 3 3 2 1 3 2 3 1 3 2 2 3 1 3 2 3 2 1 3 1 3 3 2 2 3 1 3 2 1 3 2 3 1 3 2 1 3 3 2 2 3 1 3 2 1 3],SAT,1.09504,[0 -> [3]; 1 -> [2 3 1]; 2 -> [1 3]; 3 -> [3 2];],1509705,SAT,0.101,[0 -> [3]; 1 -> [2 3 1]; 2 -> [1 3]; 3 -> [3 2];],18695
3,6,4,[0 -> [2]; 1 -> [2 3]; 2 -> [3 1 2 1]; 3 -> [2];],[2 2 3 3 1 2 1 2 3 2 2 3 3 1 2 1 2 3 3 1 2 1 3 1 2 1 3 1 2 1 2 2 2 3 3 1 2 1 2 3 3 1 2 1 2 2 2 3 3 1 2 1 2 3 3 1 2 1 2 2 3 3 1 2 1 2 3 2 2 3 3 1 2 1 2 3 3 1 2 1 3 1 2 1 3 1 2 1 2 2 2 3 3 1 2 1 2 3 3 1 2 1 2 2 2 3 3 1 2 1 2 3 3 1 2 1 3 1 2 1 3 1 2 1 2 2 2 3 3 1 2 1 2 3 3 1 2 1 2 3 1 2 1 3 1 2 1 2 2 2 3 3 1 2 1 2 3 3 1 2 1 2 3 1 2 1 3 1 2 1 2 2 2 3 3 1 2 1 2 3 3 1 2 1 2 2 2 3 3 1 2 1 2 3 2 2 3 3 1 2 1 2 3 2 2 3 3 1 2 1 2 3 3 1 2 1 3 1 2 1 3 1 2 1 2 2 2 3 3 1 2 1 2 3 3 1 2 1 2 2 2 3 3 1 2 1 2 3 3 1 2 1 3 1 2 1 3 1 2 1 2 2 2 3 3 1 2 1 2 3 3 1 2 1 2 2 2 3 3 1 2 1 2 3 2 2 3 3 1 2 1 2 3 2 2 3 3 1 2 1 2 3 3 1 2 1 3 1 2 1 3 1 2 1 2 2 2 3 3 1 2 1 2 3 3 1 2 1 2 2 2 3 3 1 2 1 2 3 3 1 2 1 3 1 2 1 3 1 2 1 2 2 2 3 3 1 2 1 2 3 3 1 2 1 2],SAT,0.744081,[0 -> [2]; 1 -> [2 3]; 2 -> [3 1 2 1]; 3 -> [2];],1053933,SAT,0.111999,[0 -> [2]; 1 -> [2 3]; 2 -> [3 1 2 1]; 3 -> [2];],22066
3,6,4,[0 -> [3 3]; 1 -> [2]; 2 -> [2 3 1 1]; 3 -> [1];],[2 3 1 1 1 2 2 2 2 3 1 1 2 3 1 1 2 3 1 1 2 3 1 1 1 2 2 2 3 1 1 1 2 2 2 3 1 1 1 2 2 2 2 3 1 1 2 3 1 1 2 3 1 1 2 3 1 1 1 2 2 2 3 1 1 1 2 2],SAT,1.12093,[0 -> [3 3]; 1 -> [2]; 2 -> [2 3 1 1]; 3 -> [1];],1525953,SAT,0.125233,[0 -> [3 3]; 1 -> [2]; 2 -> [2 3 1 1]; 3 -> [1];],21600
3,6,4,[0 -> [3 2]; 1 -> [3 1]; 2 -> [1 1]; 3 -> [1 2];],[3 1 1 1 1 2 3 1 1 2 3 1 1 2 3 1 1 2 3 1 3 1 3 1 3 1 1 1 1 2 3 1 1 2 3 1 3 1 3 1 3 1 1 1 1 2 3 1 1 2 3 1 3 1 3 1 3 1 1 1 1 2 3 1 3 1 1 1 1 2 3 1 1 2 3 1 1 2 3 1 1 2 3 1 3 1 3 1 3 1 1 1 1 2 3 1 3 1 1 1 1 2 3 1 1 2 3 1 1 2 3 1 1 2 3 1 3 1 3 1 3 1 1 1 1 2 3 1],SAT,1.21104,[0 -> [3 2]; 1 -> [3 1]; 2 -> [1 1]; 3 -> [1 2];],1647921,SAT,0.110035,[0 -> [3 2]; 1 -> [3 1]; 2 -> [1 1]; 3 -> [1 2];],20606
3,6,4,[0 -> [1]; 1 -> [2 3 1]; 2 -> [2]; 3 -> [3 1 3];],[2 3 1 3 2 3 1 3 1 3 2 3 1 3 2 3 1 3 1 3 2 3 1 3 1 3 2 3 1 3 2 3 1 3 1 3 2 3 1 3 2 3 1 3 1 3 2 3 1 3 1 3 2 3 1 3 2 3 1 3 1 3 2 3 1 3 1 3 2 3 1 3 2 3 1 3 1 3 2 3 1 3 2 3 1 3 1 3 2 3 1 3 1 3 2 3 1 3 2 3 1 3 1 3 2 3 1 3 2 3 1 3 1 3 2 3 1 3 1 3 2 3 1 3 2 3 1 3 1 3 2 3 1 3 1 3 2 3 1 3 2 3 1 3 1 3 2 3 1 3 2 3 1 3 1 3 2 3 1 3 1 3 2 3 1 3 2 3 1 3 1 3 2 3 1 3 1 3 2 3 1 3 2 3 1 3 1 3 2 3 1 3 2 3 1 3 1 3 2 3 1 3 1 3 2 3 1 3 2 3 1 3 1 3 2 3 1 3 2 3 1 3 1 3 2 3 1 3 1 3 2 3 1 3 2 3 1 3 1 3 2 3 1 3 1 3 2 3 1 3 2 3 1 3 1 3 2 3 1 3 2 3 1 3 1 3 2 3 1 3 1 3 2 3 1 3 2 3 1 3 1 3 2 3 1 3 2 3 1],SAT,0.308002,[0 -> [1]; 1 -> [2 3 1]; 2 -> [2]; 3 -> [3 1 3];],452181,SAT,0.043,[0 -> [1]; 1 -> [2 3 1]; 2 -> [2]; 3 -> [3 1 3];],9520
3,6,4,[0 -> [1 3 3]; 1 -> [2 3]; 2 -> [1 1]; 3 -> [2];],[1 1 2 1 1 2 2 3 2 3 1 1 2 1 1 2 2 3 2 3 2 3 2 3 1 1 2 3 2 3 1 1 1 1 2 1 1 2 2 3 2 3 1 1 2 1 1 2 2 3 2 3 1 1 2 1 1 2 2 3 2 3 1 1 2 1 1 2 2 3 2 3],SAT,0.247,[0 -> [1 3 3]; 1 -> [2 3]; 2 -> [1 1]; 3 -> [2];],363861,SAT,0.075991,[0 -> [1 3 3]; 1 -> [2 3]; 2 -> [1 1]; 3 -> [2];],15807
3,6,4,[0 -> [3]; 1 -> [1]; 2 -> [2]; 3 -> [2 3 2 2 1];],[2 2 2 2 2 2 3 2 2 1 2 2 1 2 2 1 2 2 1 2 2 1 2 2 1],SAT,1.00398,[0 -> [3]; 1 -> [1]; 2 -> [2]; 3 -> [2 3 2 2 1];],1375953,SAT,0.099001,[0 -> [3]; 1 -> [1]; 2 -> [2]; 3 -> [2 3 2 2 1];],17737
3,6,4,[0 -> [1 2]; 1 -> [1 3]; 2 -> [2 3]; 3 -> [1 3];],[1 3 1 3 1 3 1 3 1 3 1 3 1 3 1 3 1 3 1 3 1 3 1 3 1 3 1 3 1 3 1 3 1 3 1 3 1 3 1 3 1 3 1 3 1 3 1 3 1 3 1 3 1 3 1 3 1 3 1 3 1 3 1 3 2 3 1 3 1 3 1 3 1 3 1 3 1 3 1 3 1 3 1 3 1 3 1 3 1 3 1 3 1 3 1 3 1 3 1 3 1 3 1 3 1 3 1 3 1 3 1 3 1 3 1 3 1 3 1 3 1 3 1 3 1 3 1 3],SAT,0.172515,[0 -> [1 2]; 1 -> [1 3]; 2 -> [2 3]; 3 -> [1 3];],217449,SAT,0.048055,[0 -> [1 2]; 1 -> [1 3]; 2 -> [2 3]; 3 -> [1 3];],9592
3,6,4,[0 -> [3]; 1 -> [2]; 2 -> [2 2 1 2 2]; 3 -> [2];],[2 2 1 2 2 2 2 1 2 2 2 2 2 1 2 2 2 2 1 2 2 2 2 1 2 2 2 2 1 2 2 2 2 2 1 2 2 2 2 1 2 2 2 2 1 2 2 2 2 1 2 2 2 2 1 2 2 2 2 2 1 2 2 2 2 1 2 2 2 2 1 2 2 2 2 1 2 2 2 2 2 1 2 2 2 2 1 2 2 2 2 1 2 2 2 2 1 2 2 2 2 2 1 2 2 2 2 1 2 2 2 2 1 2 2 2 2 1 2 2 2 2 2 1 2 2 2 2 1 2 2 2 2 1 2 2 2 2 1 2 2 2 2 1 2 2 2 2 2 1 2 2 2 2 1 2 2 2 2 1 2 2 2 2 1 2 2 2 2 2 1 2 2 2 2 1 2 2 2 2 1 2 2 2 2 1 2 2 2 2 2 1 2 2 2 2 1 2 2 2 2 1 2 2 2 2 1 2 2 2 2 2 1 2 2 2 2 1 2 2 2 2 1 2 2 2 2 1 2 2 2 2 2 1 2 2 2 2 1 2 2 2 2 1 2 2 2 2 1 2 2 2 2 1 2 2 2 2 2 1 2 2 2 2 1 2 2 2 2 1 2 2 2 2 1 2 2 2 2 2 1 2 2 2 2 1 2 2 2 2 1 2 2 2 2 1 2 2 2 2 2 1 2 2 2 2 1 2 2 2 2 1 2 2 2 2 1 2 2 2 2 2 1 2 2 2 2 1 2 2 2 2 1 2 2 2 2 1 2 2 2 2 1 2 2 2 2 2 1 2 2 2 2 1 2 2 2 2 1 2 2 2 2 1 2 2 2 2 2 1 2 2 2 2 1 2 2 2 2 1 2 2 2 2 1 2 2 2 2 2 1 2 2 2 2 1 2 2 2 2 1 2 2 2 2 1 2 2 2 2 2 1 2 2 2 2 1 2 2 2 2 1 2 2 2 2 1 2 2 2 2 1 2 2 2 2 2 1 2 2 2 2 1 2 2 2 2 1 2 2 2 2 1 2 2 2 2 2 1 2 2 2 2 1 2 2 2 2 1 2 2 2 2 1 2 2 2 2 2 1 2 2 2 2 1 2 2 2 2 1 2 2 2 2 1 2 2 2 2 2 1 2 2 2 2 1 2 2 2 2 1 2 2 2 2 1 2 2 2 2 1 2 2 2 2 2 1 2 2 2 2 1 2 2 2 2 1 2 2 2 2 1 2 2 2 2 2 1 2 2 2 2 1 2 2 2 2 1 2 2 2 2 1 2 2 2 2 2 1 2 2 2 2 1 2 2 2 2 1 2 2 2 2 1 2 2 2 2 2 1 2 2 2 2 1 2 2 2 2 1 2 2 2 2 1 2 2 2 2 2 1 2 2 2 2 1 2 2 2 2 1 2 2 2 2 1 2 2 2 2 1 2 2 2 2 2 1 2 2 2 2 1 2 2 2 2 1 2 2 2 2 1 2 2 2 2 2 1 2 2 2 2 1 2 2 2 2 1 2 2 2 2 1 2 2 2 2 2 1 2 2 2 2 1 2 2 2 2 1 2 2 2 2 1 2 2 2 2 2 1 2 2 2 2 1 2 2 2 2 1 2 2 2 2 1 2 2 2 2 1 2 2 2 2 2 1 2 2 2 2 1 2 2 2 2 1 2 2 2 2 1 2 2 2 2 2 1 2 2 2 2 1 2 2 2 2 1 2 2 2 2 1 2 2 2 2 2 1 2 2 2 2 1 2 2 2 2 1 2 2 2 2 1 2 2 2 2 2 1 2 2 2 2 1 2 2 2 2 1 2 2 2 2 1 2 2 2 2 1 2 2 2 2 2 1 2 2 2 2 1 2 2 2 2 1 2 2 2 2 1 2 2 2 2 2 1 2 2 2 2 1 2 2 2 2 1 2 2 2 2 1 2 2 2 2 2 1 2 2 2 2 1 2 2 2 2 1 2 2 2 2 1 2 2 2 2 2 1 2 2 2 2 1 2 2 2 2 1 2 2 2 2 1 2 2 2 2 1 2 2 2 2 2 1 2 2 2 2 1 2 2 2 2 1 2 2 2 2 1 2 2 2 2 2 1 2 2 2 2 1 2 2 2 2 1 2 2 2 2 1 2 2 2 2 2 1 2 2 2 2 1 2 2 2 2 1 2 2 2 2 1 2 2 2 2 2 1 2 2 2 2 1 2 2 2 2 1 2 2 2 2 1 2 2 2 2 1 2 2 2 2 2 1 2 2 2 2 1 2 2 2 2 1 2 2 2 2 1 2 2 2 2 2 1 2 2 2 2 1 2 2 2 2 1 2 2 2 2 1 2 2 2 2 2 1 2 2 2 2 1 2 2 2 2 1 2 2 2 2 1 2 2 2 2 2 1 2 2 2 2 1 2 2 2 2 1 2 2 2 2 1 2 2 2 2 2 1 2 2 2 2 1 2 2 2 2 1 2 2 2 2 1 2 2 2 2 1 2 2 2 2 2 1 2 2 2 2 1 2 2 2 2 1 2 2 2 2 1 2 2 2 2 2 1 2 2 2 2 1 2 2 2 2 1 2 2 2 2 1 2 2 2 2 2 1 2 2 2 2 1 2 2 2 2 1 2 2 2 2 1 2 2 2 2 2 1 2 2 2 2 1 2 2 2 2 1 2 2 2 2 1 2 2 2 2 1 2 2 2 2 2 1 2 2 2 2 1 2 2 2 2 1 2 2 2 2 1 2 2 2 2 2 1 2 2 2 2 1 2 2 2 2 1 2 2 2 2 1 2 2 2 2 2 1 2 2 2 2 1 2 2 2 2 1 2 2 2 2 1 2 2 2 2 2 1 2 2 2 2 1 2 2 2 2 1 2 2 2 2 1 2 2 2 2 1 2 2 2 2 2 1 2 2 2 2 1 2 2 2 2 1 2 2 2 2 1 2 2 2 2 2 1 2 2 2 2 1 2 2 2 2 1 2 2 2 2 1 2 2 2 2 2 1 2 2 2 2 1 2 2 2 2 1 2 2 2 2 1 2 2 2 2 2 1 2 2 2 2 1 2 2 2 2 1 2 2 2 2 1 2 2 2 2 1 2 2 2 2 2 1 2 2 2 2 1 2 2 2 2 1 2 2 2 2 1 2 2 2 2 2 1 2 2 2 2 1 2 2 2 2 1 2 2 2 2 1 2 2 2 2 2 1 2 2 2 2 1 2 2 2 2 1 2 2 2 2 1 2 2 2 2 2 1 2 2 2 2 1 2 2 2 2 1 2 2 2 2 1 2 2 2 2 2 1 2 2 2 2 1 2 2 2 2 1 2 2 2 2 1 2 2 2 2 1 2 2 2 2 2 1 2 2 2 2 1 2 2 2 2 1 2 2 2 2 1 2 2 2 2 2 1 2 2 2 2 1 2 2 2 2 1 2 2 2 2 1 2 2 2 2 2 1 2 2 2 2 1 2 2 2 2 1 2 2 2 2 1 2 2 2 2 2 1 2 2 2 2 1 2 2 2 2 1 2 2 2 2 1 2 2 2 2 1 2 2 2 2 2 1 2 2 2 2 1 2 2 2 2 1 2 2 2 2 1 2 2 2 2 2 1 2 2 2 2 1 2 2],SAT,0.311856,[0 -> [1]; 1 -> [2]; 2 -> [2 2 1 2 2]; 3 -> [1];],414573,SAT,0.037998,[0 -> [1]; 1 -> [2]; 2 -> [2 2 1 2 2]; 3 -> [1];],7253
3,6,4,[0 -> [1 1]; 1 -> [1 3]; 2 -> [3 3]; 3 -> [2 2];],[1 3 2 2 3 3 3 3 2 2 2 2 2 2 2 2 3 3 3 3 3 3 3 3 3 3 3 3 3 3 3 3 2 2 2 2 2 2 2 2 2 2 2 2 2 2 2 2 2 2 2 2 2 2 2 2 2 2 2 2 2 2 2 2 1 3 2 2 3 3 3 3 2 2 2 2 2 2 2 2 3 3 3 3 3 3 3 3 3 3 3 3 3 3 3 3 2 2 2 2 2 2 2 2 2 2 2 2 2 2 2 2 2 2 2 2 2 2 2 2 2 2 2 2 2 2 2 2],SAT,0.220078,[0 -> [1 1]; 1 -> [1 3]; 2 -> [3 3]; 3 -> [2 2];],298665,SAT,0.046001,[0 -> [1 1]; 1 -> [1 3]; 2 -> [3 3]; 3 -> [2 2];],8185
3,6,4,[0 -> [1 3 3]; 1 -> [3 1 2]; 2 -> [1]; 3 -> [2];],[1 2 3 1 2 1 3 1 2 2 3 1 2 1 3 1 2 1 2 3 1 2 1 3 1 2 2 3 1 2 1 1 2 3 1 2 1 3 1 2 3 1 2 1 2 3 1 2 1 3 1 2 2 3 1 2 1 3 1 2 1 2 3 1 2 1 3 1 2 2 3 1 2 1 3 1 2 1 2 3 1 2 1 3 1 2 2 3 1 2 1],SAT,0.407965,[0 -> [1 3 3]; 1 -> [3 1 2]; 2 -> [1]; 3 -> [2];],550461,SAT,0.110999,[0 -> [1 3 3]; 1 -> [3 1 2]; 2 -> [1]; 3 -> [2];],19260
3,6,4,[0 -> [3 2]; 1 -> [2 2 1]; 2 -> [3 1]; 3 -> [3];],[3 3 3 3 2 2 1 3 2 2 1 3 1 3 1 2 2 1 3 3 2 2 1 3 2 2 1 3 1 3 1 2 2 1 3 3 1 3 1 2 2 1 3 3 1 3 1 2 2 1 3 2 2 1 3 2 2 1 3 1 3 1 2 2 1],SAT,1.32362,[0 -> [3 2]; 1 -> [2 2 1]; 2 -> [3 1]; 3 -> [3];],1627293,SAT,0.103998,[0 -> [3 2]; 1 -> [2 2 1]; 2 -> [3 1]; 3 -> [3];],17798
3,6,4,[0 -> [1 3]; 1 -> [3 2]; 2 -> [3]; 3 -> [2 3 2];],[2 3 2 3 2 3 2 3 2 3 2 3 2 3 2 3 2 3 2 3 2 3 2 3 2 3 2 3 2 3 2 3 2 3 2 3 2 3 2 3 2 3 2 3 2 3 2 3 2 3 2 3 2 3 2 3 2 3 2 3 2 3 2 3 3 2 3 2 3 2 3 2 3 2 3 2 3 2 3 2 3 2 3 2 3 2 3 2 3 2 3 2 3 2 3 2 3 2 3 2 3 2 3 2 3 2 3 2 3 2 3 2 3 2 3 2 3 2 3 2 3 2 3 2 3 2 3 2 3 2 3 2 3 2 3 2 3 2 3 2 3 2 3 2 3 2 3 2 3],SAT,0.48711,[0 -> [1 3]; 1 -> [3 2]; 2 -> [3]; 3 -> [2 3 2];],675261,SAT,0.040998,[0 -> [1 3]; 1 -> [3 2]; 2 -> [3]; 3 -> [2 3 2];],8333
3,6,4,[0 -> [3 1]; 1 -> [3 3]; 2 -> [3 2]; 3 -> [2 1];],[3 2 3 3 2 1 3 2 3 2 3 3 3 2 3 3 2 1 3 2 2 1 2 1 3 2 3 3 2 1 3 2 3 2 3 3 2 1 3 2 3 2 3 3 3 2 3 3 3 2 3 3 2 1 3 2 3 2 3 3 3 2 3 3 2 1 3 2 2 1 2 1 3 2 3 3 2 1 3 2 2 1 3 2 2 1 2 1 2 1 3 2 2 1 2 1 2 1 3 2 2 1 2 1 3 2 3 3 2 1 3 2 2 1 3 2 2 1 2 1 2 1 3 2 2 1 2 1],SAT,1.35304,[0 -> [3 1]; 1 -> [3 3]; 2 -> [3 2]; 3 -> [2 1];],1791645,SAT,0.159125,[0 -> [3 1]; 1 -> [3 3]; 2 -> [3 2]; 3 -> [2 1];],25410
3,6,4,[0 -> [2 2]; 1 -> [3]; 2 -> [2 3]; 3 -> [1 2 3];],[2 3 1 2 3 3 2 3 1 2 3 1 2 3 2 3 1 2 3 3 2 3 1 2 3 3 2 3 1 2 3 2 3 1 2 3 3 2 3 1 2 3 1 2 3 2 3 1 2 3 3 2 3 1 2 3 1 2 3 2 3 1 2 3 3 2 3 1 2 3 2 3 1 2 3 3 2 3 1 2 3 1 2 3 2 3 1 2 3 3 2 3 1 2 3 3 2 3 1 2 3 2 3 1 2 3 3 2 3 1 2 3 1 2 3 2 3 1 2 3 3 2 3 1 2 3 2 3 1 2 3 3 2 3 1 2 3 1 2 3 2 3 1 2 3 3 2 3 1 2 3 3 2 3 1 2 3 2 3 1 2 3 3 2 3 1 2 3 1 2 3 2 3 1 2 3 3 2 3 1 2 3 1 2 3 2 3 1 2 3 3 2 3 1 2 3 2 3 1 2 3 3 2 3 1 2 3 1 2 3 2 3 1 2 3 3 2 3 1 2 3 3 2 3 1 2 3 2 3 1 2 3 3 2 3 1 2 3 1 2 3 2 3 1 2 3 3 2 3 1 2 3],SAT,0.830645,[0 -> [2 2]; 1 -> [3]; 2 -> [2 3]; 3 -> [1 2 3];],1151025,SAT,0.117001,[0 -> [2 2]; 1 -> [3]; 2 -> [2 3]; 3 -> [1 2 3];],22137
3,6,4,[0 -> [2]; 1 -> [1]; 2 -> [3 3]; 3 -> [1 3 3 2];],[1 1 1 1 1 3 3 2 1 3 3 2 3 3 1 1 3 3 2 1 3 3 2 3 3 1 3 3 2 1 3 3 2 1 1 1 3 3 2 1 3 3 2 3 3 1 1 3 3 2 1 3 3 2 3 3 1 3 3 2 1 3 3 2 1 1 3 3 2 1 3 3 2 3 3 1 1 3 3 2 1 3 3 2 3 3 1 1 1 1 3 3 2 1 3 3 2 3 3 1 1 3 3 2 1 3 3 2 3 3 1 3 3 2 1 3 3 2 1 1 1 3 3 2 1 3 3 2 3 3 1 1 3 3 2 1 3 3 2 3 3 1 3 3 2 1 3 3 2 1 1 3 3 2 1 3 3 2 3 3 1 1 3 3 2 1 3 3 2 3 3 1 1 1 3 3 2 1 3 3 2 3 3 1 1 3 3 2 1 3 3 2 3 3 1 3 3 2 1 3 3 2 1 1 1 3 3 2 1 3 3 2 3 3 1 1 3 3 2 1 3 3 2 3 3 1 3 3 2 1 3 3 2 1 1 1 1 1 3 3 2 1 3 3 2 3 3 1 1 3 3 2 1 3 3 2 3 3 1 3 3 2 1 3 3 2 1 1 1 3 3 2 1 3 3 2 3 3 1 1 3 3 2 1 3 3 2 3 3 1 3 3 2 1 3 3 2 1 1 3 3 2 1 3 3 2 3 3 1 1 3 3 2 1 3 3 2 3 3 1 1 1 1 3 3 2 1 3 3 2 3 3 1 1 3 3 2 1 3 3 2 3 3 1 3 3 2 1 3 3 2 1 1 1 3 3 2 1 3 3 2 3 3 1 1 3 3 2 1 3 3 2 3 3 1 3 3 2 1 3 3 2 1 1 3 3 2 1 3 3 2 3 3 1 1 3 3 2 1 3 3 2 3 3 1 1 1 3 3 2 1 3 3 2 3 3 1 1 3 3 2 1 3 3 2 3 3 1 3 3 2 1 3 3 2 1 1 1 3 3 2 1 3 3 2 3 3 1 1 3 3 2 1 3 3 2 3 3 1 3 3 2 1 3 3 2],SAT,0.59704,[0 -> [2]; 1 -> [1]; 2 -> [3 3]; 3 -> [1 3 3 2];],852525,SAT,0.195202,[0 -> [2]; 1 -> [1]; 2 -> [3 3]; 3 -> [1 3 3 2];],27290
3,6,4,[0 -> [1 1]; 1 -> [1 1 3]; 2 -> [1]; 3 -> [3 2];],[1 1 3 1 1 3 3 2 1 1 3 1 1 3 3 2 3 2 1 1 1 3 1 1 3 3 2 1 1 3 1 1 3 3 2 3 2 1 3 2 1 1 1 3 1 1 3 1 1 3 3 2 1 1 3 1 1 3 3 2 3 2 1 1 1 3 1 1 3 3 2 1 1 3 1 1 3 3 2 3 2 1 3 2 1 1 1 3 3 2 1 1 1 3 1 1 3 1 1 3 3 2 1 1 3 1 1 3 3 2 1 1 3 1 1 3 3 2 3 2 1 1 1 3 1 1 3 3 2 1 1 3 1 1 3 3 2 3 2 1 3 2 1 1 1 3 1 1 3 1 1 3 3 2 1 1 3 1 1 3 3 2 3 2 1 1 1 3 1 1 3 3 2 1 1 3 1 1 3 3 2 3 2 1 3 2 1 1 1 3 3 2 1 1 1 3 1 1 3 1 1 3 3 2 3 2 1 1 1 3 1 1 3 1 1 3 3 2 1 1 3 1 1 3 3 2 1 1 3 1 1 3 3 2 3 2 1 1 1 3 1 1 3 3 2 1 1 3 1 1 3 3 2 3 2 1 1 1 3 1 1 3 3 2 1 1 3 1 1 3 3 2 3 2 1 3 2 1 1 1 3 1 1 3 1 1 3 3 2 1 1 3 1 1 3 3 2 3 2 1 1 1 3 1 1 3 3 2 1 1 3 1 1 3 3 2 3 2 1 3 2 1 1 1 3 3 2 1 1 1 3 1 1 3 1 1 3 3 2 1 1 3 1 1 3 3 2 1 1 3 1 1 3 3 2 3 2 1 1 1 3 1 1 3 3 2 1 1 3 1 1 3 3 2 3 2 1 3 2 1 1 1 3 1 1 3 1 1 3 3 2 1 1 3 1 1 3 3 2 3 2 1 1 1 3 1 1 3 3 2 1 1 3 1 1 3 3 2 3 2 1 3 2 1 1 1 3 3 2 1 1 1 3 1 1 3 1 1 3 3 2 3 2 1 1 1 3 1 1 3 1 1 3 3 2 1 1 3 1 1 3 3 2 1 1 3 1 1 3 3 2 3 2 1],SAT,0.149999,[0 -> [1 1]; 1 -> [1 1 3]; 2 -> [1]; 3 -> [3 2];],194661,SAT,0.047998,[0 -> [1 1]; 1 -> [1 1 3]; 2 -> [1]; 3 -> [3 2];],11600
3,6,4,[0 -> [3]; 1 -> [1 3 2]; 2 -> [2 1]; 3 -> [2 1];],[2 1 1 3 2 1 3 2 2 1 2 1 1 3 2 2 1 2 1 2 1 1 3 2 2 1 1 3 2 1 3 2 2 1 2 1 2 1 1 3 2 2 1 1 3 2 2 1 1 3 2 1 3 2 2 1 2 1 2 1 1 3 2 1 3 2 2 1 2 1 1 3 2 2 1 2 1 2 1 1 3 2 2 1 1 3 2 2 1 1 3 2 1 3 2 2 1 2 1 2 1 1 3 2 1 3 2 2 1 2 1 2 1 1 3 2 1 3 2 2 1 2 1 1 3 2 2 1 2 1 2 1 1 3 2 2 1 1 3 2 2 1 1 3 2 1 3 2 2 1 2 1 1 3 2 2 1 2 1 2 1 1 3 2 2 1 1 3 2],SAT,0.578,[0 -> [2]; 1 -> [1 3 2]; 2 -> [2 1]; 3 -> [2 1];],804801,SAT,0.066002,[0 -> [2]; 1 -> [1 3 2]; 2 -> [2 1]; 3 -> [2 1];],13161
3,6,4,[0 -> [3 1 1]; 1 -> [3]; 2 -> [1 3]; 3 -> [2 2];],[3 2 2 3 2 2 2 2 1 3 1 3 2 2 1 3 1 3 3 2 2 3 2 2 2 2 1 3 1 3 2 2 1 3 1 3 1 3 1 3 3 2 2 3 2 2 1 3 1 3 3 2 2 3 2 2 1 3 1 3 3 2 2 3 2 2 1 3 1 3 3 2 2 3 2 2],SAT,1.21418,[0 -> [3 1 1]; 1 -> [3]; 2 -> [1 3]; 3 -> [2 2];],1666521,SAT,0.163001,[0 -> [3 1 1]; 1 -> [3]; 2 -> [1 3]; 3 -> [2 2];],20240
3,6,4,[0 -> [1]; 1 -> [3]; 2 -> [3 3 1 2]; 3 -> [2 1];],[2 1 2 1 3 3 3 1 2 2 1 2 1 2 1 3 3 3 1 2 2 1 3 3 1 2 3 3 3 1 2 3 3 3 1 2 3 2 1 2 1 2 1 3 3 3 1 2 2 1 2 1 3 3 3 1 2 2 1],SAT,0.491969,[0 -> [1]; 1 -> [3]; 2 -> [3 3 1 2]; 3 -> [2 1];],685869,SAT,0.045002,[0 -> [1]; 1 -> [3]; 2 -> [3 3 1 2]; 3 -> [2 1];],9449
3,6,4,[0 -> [1 1]; 1 -> [3 1]; 2 -> [3 3 1]; 3 -> [2];],[2 2 3 1 2 2 3 1 3 3 1 2 3 1 3 3 1 3 3 1 2 3 1 2 2 3 1 3 3 1 2 3 1 2 2 3 1 2 2 3 1 3 3 1 2 3 1 3 3 1 3 3 1 2 3 1 2 2 3 1 3 3 1 2 3 1],SAT,0.539926,[0 -> [1 1]; 1 -> [3 1]; 2 -> [3 3 1]; 3 -> [2];],671625,SAT,0.040001,[0 -> [1 1]; 1 -> [3 1]; 2 -> [3 3 1]; 3 -> [2];],8426
3,6,4,[0 -> [2 1]; 1 -> [2]; 2 -> [2 3 1]; 3 -> [2 3];],[2 3 1 2 3 2 2 3 1 2 3 2 3 1 2 3 1 2 3 2 2 3 1 2 3 2 3 1 2 3 2 2 3 1 2 3 2 2 3 1 2 3 2 3 1 2 3 1 2 3 2 2 3 1 2 3 2 3 1 2 3 2 2 3 1 2 3 2 3 1 2 3 1 2 3 2 2 3 1 2 3 2 3 1 2 3 1 2 3 2 2 3 1 2 3 2 3 1 2 3 2 2 3 1 2 3 2 2 3 1 2 3 2 3 1 2 3 1 2 3 2 2 3 1 2 3 2 3 1 2 3 2 2 3 1 2 3 2 3 1 2 3 1 2 3 2 2 3 1 2 3 2 3 1 2 3 2 2 3 1 2 3 2 2 3 1 2 3 2 3 1 2 3 1 2 3 2 2 3 1 2 3 2 3 1 2 3 2 2 3 1 2 3 2 2 3 1 2 3 2 3 1 2 3 1 2 3 2 2 3 1 2 3 2 3 1 2 3 2 2 3 1 2 3 2 3 1],SAT,0.678082,[0 -> [2 1]; 1 -> [2]; 2 -> [2 3 1]; 3 -> [2 3];],983361,SAT,0.093002,[0 -> [2 1]; 1 -> [2]; 2 -> [2 3 1]; 3 -> [2 3];],17941
3,6,4,[0 -> [2 3]; 1 -> [1 1 2]; 2 -> [3 1]; 3 -> [2];],[2 1 1 2 1 1 2 1 1 2 3 1 1 1 2 1 1 2 3 1 2 1 1 2 1 1 2 1 1 2 3 1 1 1 2 1 1 2 3 1 2 1 1 2 1 1 2 1 1 2 3 1 1 1 2 1 1 2 3 1 2 1 1 2 3 1 1 1 2 1 1 2 3 1 1 1 2 1 1 2 3 1 1 1 2 1 1 2 3 1 2 1 1 2 1 1 2 1 1 2 3 1 1 1 2 1 1 2 3 1 2 1 1 2 3 1 1 1 2 1 1 2 3 1 2 1 1 2 1 1 2 1 1 2 3 1 1 1 2 1 1 2 3 1 2 1 1 2 3 1 1 1 2 1 1 2 3 1 1 1 2 1 1 2 3 1 1 1 2 1 1 2 3 1 2 1 1 2 1 1 2 1 1 2 3 1 1 1 2 1 1 2 3 1 2 1 1 2 3 1 1 1 2 1 1 2 3 1],SAT,0.684,[0 -> [2 3]; 1 -> [1 1 2]; 2 -> [3 1]; 3 -> [2];],861657,SAT,0.094999,[0 -> [2 3]; 1 -> [1 1 2]; 2 -> [3 1]; 3 -> [2];],14701
3,6,4,[0 -> [1 2 2]; 1 -> [2]; 2 -> [1 3 1]; 3 -> [2];],[1 3 1 1 3 1 1 3 1 1 3 1 1 3 1 1 3 1 1 3 1 1 3 1 1 3 1 2 2 2 2 2 2 2 2 2 2 2 2 2 2 2 2 2 2 2 2 2 2 2 2 2 2 2 2 2 2 2 2 2 2 2 2 2 2 2 2 2 2 2 2 2 2 2 2 2 2 2 2 2 2],SAT,0.304297,[0 -> [1 2 2]; 1 -> [2]; 2 -> [1 3 1]; 3 -> [2];],362025,SAT,0.080129,[0 -> [1 2 2]; 1 -> [2]; 2 -> [1 3 1]; 3 -> [2];],13636
3,6,4,[0 -> [3 2 2]; 1 -> [1 3]; 2 -> [1]; 3 -> [3 2];],[3 2 1 1 3 1 3 3 2 1 3 3 2 3 2 1 1 3 3 2 3 2 1 3 2 1 1 3 1 3 3 2 3 2 1 3 2 1 1 3 3 2 1 1 3 1 3 3 2 1 3 3 2 3 2 1 3 2 1 1 3 3 2 1 1 3 1 3 3 2],SAT,1.17804,[0 -> [3 2 2]; 1 -> [1 3]; 2 -> [1]; 3 -> [3 2];],1315845,SAT,0.097002,[0 -> [3 2 2]; 1 -> [1 3]; 2 -> [1]; 3 -> [3 2];],13392
3,6,4,[0 -> [3 3 2]; 1 -> [2 3 2]; 2 -> [1]; 3 -> [2];],[1 2 1 2 3 2 1 2 1 1 2 1 2 3 2 1 2 1 2 3 2 1 2 3 2 1 2 1 2 3 2 1 2 3 2],SAT,1.15883,[0 -> [3 3 2]; 1 -> [2 3 2]; 2 -> [1]; 3 -> [2];],1483461,SAT,0.146003,[0 -> [3 3 2]; 1 -> [2 3 2]; 2 -> [1]; 3 -> [2];],20917
3,6,4,[0 -> [1 2 3]; 1 -> [3 1 2]; 2 -> [2]; 3 -> [1];],[1 3 1 2 2 3 1 2 1 3 1 2 2 2 2 3 1 2 1 3 1 2 2 2 1 3 1 2 2 3 1 2 1 3 1 2 2 2 2 2 2 2 3 1 2 1 3 1 2 2 2 1 3 1 2 2 3 1 2 1 3 1 2 2 2 2 2],SAT,0.433997,[0 -> [1 2 3]; 1 -> [3 1 2]; 2 -> [2]; 3 -> [1];],590205,SAT,0.085002,[0 -> [1 2 3]; 1 -> [3 1 2]; 2 -> [2]; 3 -> [1];],17529
3,6,4,[0 -> [1 1 2]; 1 -> [1]; 2 -> [3 2 2]; 3 -> [1];],[1 1 1 1 1 1 1 3 2 2 3 2 2 1 3 2 2 3 2 2 1 1 3 2 2 3 2 2 1 3 2 2 3 2 2 1 1 1 3 2 2 3 2 2 1 3 2 2 3 2 2 1 1 3 2 2 3 2 2 1 3 2 2 3 2 2 1 1 1 1 3 2 2 3 2 2 1 3 2 2 3 2 2 1 1 3 2 2 3 2 2 1 3 2 2 3 2 2 1 1 1 3 2 2 3 2 2 1 3 2 2 3 2 2 1 1 3 2 2 3 2 2 1 3 2 2 3 2 2],SAT,0.209033,[0 -> [1 1 2]; 1 -> [1]; 2 -> [3 2 2]; 3 -> [1];],277341,SAT,0.066003,[0 -> [1 1 2]; 1 -> [1]; 2 -> [3 2 2]; 3 -> [1];],12598
3,6,4,[0 -> [3]; 1 -> [2 3 1]; 2 -> [1]; 3 -> [1 1 2];],[2 3 1 2 3 1 2 3 1 1 1 1 1 2 2 3 1 2 3 1 2 3 1 2 3 1 1 1 1 1 2 2 3 1 2 3 1 2 3 1 2 3 1 1 1 1 1 2 2 3 1 1 1 1 2 2 3 1 1 1 1 2 2 3 1 1 1 1 2 2 3 1 1 1 1 2 2 3 1 2 3 1 2 3 1 2 3 1 2 3 1 1 1 1 1 2 2 3 1 2 3 1 2 3 1 2 3 1 1 1 1 1 2 2 3 1 2 3 1 2 3 1 2 3 1 1 1 1 1 2 2 3 1 2 3 1 2 3 1 2 3 1 1 1 1 1 2 2 3 1 1 1 1 2 2 3 1 1 1 1 2 2 3 1 1 1 1 2 2 3 1 1 1 1 2 2 3 1 2 3 1 2 3 1 2 3 1 2 3 1 1 1 1 1 2 2 3 1 1 1 1 2 2 3 1 1 1 1 2 2 3 1 1 1 1 2 2 3 1 2 3 1 2 3 1 2 3 1 2 3 1 1 1 1 1 2 2 3 1],SAT,1.05273,[0 -> [3]; 1 -> [2 3 1]; 2 -> [1]; 3 -> [1 1 2];],1468245,SAT,0.150051,[0 -> [3]; 1 -> [2 3 1]; 2 -> [1]; 3 -> [1 1 2];],25657
